hash,from,to,value,gas,gasPrice,nonce,blockNumber
22e4f91090713105628be872b03ccaefe80b4f3d93b142730309155171ec4b7a,0x93793Bd1f3e35a0Efd098c30e486A860A0ef7551,0x68d3A973E7272EB388022a5C6518d9b2a2e66fBf,2.1869259E-11,246804,229.697241177,768515,21869259
0b1441e07260fe28cfcda767b5c5d4f48099e8993d9b7f8b039c10fbf3c92c94,0x93793Bd1f3e35a0Efd098c30e486A860A0ef7551,0x68d3A973E7272EB388022a5C6518d9b2a2e66fBf,2.1869259E-11,245716,88.135829014,768516,21869259
c282e532565b3606016802a69eca7c8a744ad9751b9f29b1bc9a141b92e27dbd,0x93793Bd1f3e35a0Efd098c30e486A860A0ef7551,0x68d3A973E7272EB388022a5C6518d9b2a2e66fBf,2.1869259E-11,168916,45.964692751,768517,21869259
6723ae42926b8765fa7fc97ad17e187e292e306791808d52d2dced6898694113,0x93793Bd1f3e35a0Efd098c30e486A860A0ef7551,0x68d3A973E7272EB388022a5C6518d9b2a2e66fBf,2.1869259E-11,229108,37.793010674,768518,21869259
de59e45425073e75fbd9907c17c78103693dd3a0cc106c0c3e8d518a6b52c5e3,0x93793Bd1f3e35a0Efd098c30e486A860A0ef7551,0x68d3A973E7272EB388022a5C6518d9b2a2e66fBf,2.1869259E-11,238280,9.247593134,768519,21869259
dce94df99dcb067f6aec1820c71fce2c308815ad64251e80128b9e9794bf7ef5,0x93793Bd1f3e35a0Efd098c30e486A860A0ef7551,0x68d3A973E7272EB388022a5C6518d9b2a2e66fBf,2.1869259E-11,318988,4.971104337,768520,21869259
8228fb990656ca4564172a234807f1d9948ca40570a6f5e05371cff9e0556783,0x93793Bd1f3e35a0Efd098c30e486A860A0ef7551,0x68d3A973E7272EB388022a5C6518d9b2a2e66fBf,2.1869259E-11,319310,3.699195977,768521,21869259
ae611d2a6f7c95ec5a686fc5997d9769670109fc03ad3c89c77cd123993c7349,0x93793Bd1f3e35a0Efd098c30e486A860A0ef7551,0x68d3A973E7272EB388022a5C6518d9b2a2e66fBf,2.1869259E-11,250848,3.525530579,768522,21869259
3121544e33561ec389403b468495f938bdeb81f9c8f4c9ee9214cbe0c2a38392,0x93793Bd1f3e35a0Efd098c30e486A860A0ef7551,0x68d3A973E7272EB388022a5C6518d9b2a2e66fBf,2.1869259E-11,280436,4.629918831,768523,21869259
af7a882f4a9f40d686c823364099ef3b5f85643bebe6c45357fc60189b0d94ad,0x93793Bd1f3e35a0Efd098c30e486A860A0ef7551,0x68d3A973E7272EB388022a5C6518d9b2a2e66fBf,2.1869259E-11,241304,2.385920326,768524,21869259
718baf95c1b6ba00eaad77955ab9e309ac02b3a2d407a43c47e5d997a9b723c4,0x93793Bd1f3e35a0Efd098c30e486A860A0ef7551,0x68d3A973E7272EB388022a5C6518d9b2a2e66fBf,2.1869259E-11,247430,1.984212962,768525,21869259
8a4a8972582e0b34cfd536f8bf0d2ad8374caaeb9b85b19bce5f07da1faae0a8,0x2A0eFF97Bb68298e36BEa8c86852436E96Af92b9,0x73a8a6F5d9762EA5f1de193eC19CdF476C7e86b1,0,500003,8.977419044,159131,21869259
c4661b4c83de1304846f5ad300690916410173ba8fe6a303a1eebe9edf24716e,0x0D0707963952f2fBA59dD06f2b425ace40b492Fe,0x6B0FaCA7bA905a86F221CEb5CA404f605e5b3131,0,1000000,1.984227097,7610442,21869259
0ea9214eabd9d3f514c8d02fa9b7a1aa6b9711430f650e73cf4cd558e86b790b,0x0D0707963952f2fBA59dD06f2b425ace40b492Fe,0x6B0FaCA7bA905a86F221CEb5CA404f605e5b3131,0,1000000,1.984227097,7610443,21869259
ad572b4a19f2b22a19fe3ce0df8f4e3812366001595c30ff482668e7d31bf2e9,0x26FD09c8B44AF53df38a9BAD41D5Abc55a1786AF,0x7176f0F071379FeE51668Eb6387ddA9129E5CA6B,0,300003,14.883104318,248640,21869259
d5088628e932d739c8b090a31e931dbb94909916f4e625b4bce73c16b95ceb51,0x15692B56fc6fe3Ca4C57371bd8A951Cc700965F5,0x3B55732F6D3997A7D44A041b8496e1A60712A35F,0,284099,13.632861114,70,21869259
d66629e5b8f18af9c2ab5171ce5b2f7bfa654355228adcc178ee494641c45241,0xc35fB86F962ea955751a793a007B5CDd44F798D7,0xdAC17F958D2ee523a2206206994597C13D831ec7,0,87070,40,363874,21869259
df6f438c6fb4c2e77d475184da186546a8e5448e011a35b1679ff65657fb8cac,0xC8DF1A5953aa7F62a35Ff1501E0C10eb3c33eBfe,0x51C72848c68a965f66FA7a88855F9f7784502a7F,0,155854,14.097812677,28869,21869259
23b5dffec12fe20d21d529a7e7428d91f0933d673cfa04489c9546dff00de1f6,0xb36ce3F521a1FF4B0CffB82DDd71F0a51fCf56ce,0x51C72848c68a965f66FA7a88855F9f7784502a7F,0,195614,9.291839182,29204,21869259
9fd01a7adaa93f115d3f5ce5cec3766455aaea57625c60356155d41140d3dd91,0x4b758aa5F86BeDC4404a0DC8C447707F5Ce8bb5d,0xd53C9d716535C7bD35E474F7B8881e89E9Fab5A3,0.03524806,21000,38.5,11,21869259
16d0c19cc5782f3062e8fc4b8d3b111bd00da30ed0d3a46f8abe5860a2ed5eca,0xE83F75907Fb4c575414FA6F5cfe8cef24Dc5870C,0x111111125421cA6dc452d289314280a0f8842A65,0,1200011,6.181815271,39046,21869259
560690fe5468be5ff7c4ed8f7498cb68914005bcbd2893a98146142e425116a5,0xeBedc8e9Ff409b23Dd251F87cCBfFA8075f87255,0x51C72848c68a965f66FA7a88855F9f7784502a7F,0,263580,3.624832742,29109,21869259
e712fcf0ab945c1f97fe8b83c3d1c25e02796b24c97750b88164bce2570d1506,0xCcEb1430f6f74E6E0b6f725650178B8246d26c06,0x80a64c6D7f12C47B7c66c5B4E20E72bc1FCd5d9e,0.1,280893,3.971815271,6,21869259
435c142f2a7547f7fc922fa079b7056d739a9f0422ed4374478f844e3d40885d,0x42Cf18596EE08E877d532Df1b7cF763059A7EA57,0x7AE91B984DA4795D9FD88419D051d0842f8d3677,0,825204,2.971815271,199407,21869259
8110bbae722c4a6f3024b47df8e11b9eeb55fad172c7f7789decfd24930f4da1,0x1C5F1E5Dd95727F7cA59692aB6601aBBE7e8638f,0xdAC17F958D2ee523a2206206994597C13D831ec7,0,100000,10,1,21869259
580e635dc751487ed4aa67cd3c09fab4ee5673054e3ba2dd0033a4a220048a44,0x0D6b7546Cc7ADb66Af6b3eA5fBE9BCB1A9C6Cf7b,0x66a9893cC07D91D95644AEDD05D03f95e1dBA8Af,0,220219,2.971815271,126,21869259
85c5b01e3ef8f4cf07ef58b29fd671ec4853553bf295f37f4a906ce01642aadf,0xE1E097A76F461fEcf2e850F12DBc4678152ab641,0x66a9893cC07D91D95644AEDD05D03f95e1dBA8Af,0.163984415308251067,223560,2.971815271,43,21869259
7509e048f031236ae872f22908b132d7bff7f71ca944d46a4187f09fd6d023e8,0x46524C41E448E1a103DdB43f6e5887d16e77966E,0xfC469C0d316b61Bcf68124151287B6D56D465ef1,0.000975,21000,15,5154,21869259
edd4ce7aea79c40ea97fb3de7092447760dc171d36436c36030c85e5b1ade473,0xE743a49F04F2f77eB2D3b753aE3AD599dE8CEA84,0xce16F69375520ab01377ce7B88f5BA8C48F8D666,0,336486,2.026076793,54115,21869259
478c8054e523430ff9008931d7caf120324961f2d6c1f36278085a1f97db9cdd,0x2BB33026FF3f7aB84cEcB0E0a470ac710dD28CE2,0x51C72848c68a965f66FA7a88855F9f7784502a7F,0,141867,3.391815271,21326,21869259
ae32265915d3bbe853d8434d3ad9787b837d66faa0cb053b71e35ed0b5508e0c,0x7830c87C02e56AFf27FA8Ab1241711331FA86F43,0xA9D1e08C7793af67e9d92fe308d5697FB81d3E43,0,2000000,1.971815271,2150165,21869259
9b51a82ae86eb90fbddc9e7c92c01c309e381e7221c1507de57f6972c7317001,0x7830c87C02e56AFf27FA8Ab1241711331FA86F43,0xA9D1e08C7793af67e9d92fe308d5697FB81d3E43,0,2000000,1.971815271,2150166,21869259
6ffc53c6affb693263fc742893a95673ae78e292a64f7838a62078ed35310020,0x1b6fb2Cebdf65219e9a61b5649E61596D1364661,0x9a15bB3a8FEc8d0d810691BAFE36f6e5d42360F7,0,160141,2.971815271,8,21869259
ff3495499aa276939886b533ffe81944d9a2dd1305b2debdfc114705f60b6a2f,0xC55EdDadEeB47fcDE0B3B6f25BD47D745BA7E7fa,0x4A4bBb978108F4Af067ccFff8Db12F919AF046d2,0.00037084,21262,10,279050,21869259
dce306d84cb6b9f3da750dff5cd5f9cd89687ec8513366c295831ca5a682fc0c,0x841c38e22Fe0F40b97E931600515892aFb59e350,0xdAC17F958D2ee523a2206206994597C13D831ec7,0,65000,3.971815271,1441,21869259
535a774176c7c1e666bd6bec9ec082737a20cbea54badee4f2c092458b1a203d,0x48E5743A282fFa9EF630E35C34C85eA9dB5Cf9F3,0xdAC17F958D2ee523a2206206994597C13D831ec7,0,80000,2.971815271,506,21869259
032d6e8ad2edd3651e6d7974ef5920d2e0d46b352e5d5f7c6548ec71a5444298,0xd541d307339Ac7198848f56A393d453F18db2c48,0x881D40237659C251811CEC9c364ef91dC08D300C,0,221245,2.971815271,14,21869259
248ce9f02a58b645a7551a0ace781d6ec8d0950c37065db7268062d9a89efd4d,0x43A93d69B564F370fD1FB2A8eDAC8399f01EE920,0x66a9893cC07D91D95644AEDD05D03f95e1dBA8Af,0.007,199873,2.971815271,8,21869259
6e925d72a61979c74c1b4e3647cbc295c2b3ecab9860414232dee94d1d8ba8d8,0xad71f28aAD60534135dDe4350aDe26125D1CbB66,0x66a9893cC07D91D95644AEDD05D03f95e1dBA8Af,0,350321,2.971815271,193,21869259
a13fd623c3aba47502ebc99d845be60a4f7720f908e6334df5f2eb78afb2524d,0xa4Ed1605b7b93a367978a55270EF5CF435Dd1C4d,0x66a9893cC07D91D95644AEDD05D03f95e1dBA8Af,0,284901,2.971815271,68,21869259
0de3854988a57f974da2a9b14287e3fc5419afeda342ca54d812a6ffff77e11c,0x108B3731b012C4F2Cd11E777EDb6dB4f92216aBC,0x542a28dA47c4b7148EcE0bb86497f033b8037ED6,0,121192,1.471815271,379,21869259
56b92f0e23e59809db71ca5af3436d9341e370546ecc6b6344ca90eb69593348,0xe9Dc05694E7e90671B0BabEAB4cAAD352A53e87A,0x18eeD20f71BEf84B605253C89A7576E3634134C0,0,138420,1.471815271,12,21869259
5a1cfce9607f96fc8adc1fff81f764b7313c3c5634654415caba434ed3645c02,0x1A81fb7140337153eb4455bAC0513d0c01385eC0,0x5be6e0e0bbe7711DD118B9DC3C68cCF9BB9754Ea,0,71308,1.471815271,670,21869259
72a3e658e8885ab401a9fdbbba6d3abe2c5c0203dbf5af094072e32d9ee00c25,0x874603D48Ce2Cf0976512a68b0FA40b9acDF56b9,0xaF532410A3ad8Ceed809f24a6003057DCdb890f1,0,70447,1.471815271,6,21869259
72c7e871c063f060369e369b4e87cfb78401f2839a18e20c9d44d2a0370689e3,0x8a849aedB3B027f758f8CB2fD13ffec1A9974b88,0x584B1f10bC8f5DfF999Dfab5DF806f58f9C64A23,0.08,21000,1.471815271,2,21869259
88c5c632fa849378f3271a5749b67148941df197d82d60435d26281bfd490b07,0x71a571962597c1872B2FdB16cd605aB5a313B81c,0x9a15bB3a8FEc8d0d810691BAFE36f6e5d42360F7,0,160141,1.471815271,1238,21869259
a81bc24015687e3be486ac8c48919ec3a0c02ac262a902d54f2b3ef694f710f1,0x232FeF6f671dC57821002ad9200519F0910f89eF,0xFF457DC1C2d76a7Be11576479592085d3d914572,0.011459,21000,1.471815271,9,21869259
aa4740c9c7304150dbff6bfee103f2dd72b5b0d18be8bcc5207b22bb2cf021d3,0x57E04B252193Ca3eB18c5ee5b7FfF82b3F3fA104,0xcdB21CEcA51515B0A99bb25847301EcBF4E49f22,0.030866369597020279,21000,1.471815271,14,21869259
af39db6aafc7785ef2b23d98e11c3b5a72c579ac37378dd82a1e089bad5f0298,0x4dd7c8C07287574c843191de391ce26f943D5A3B,0x697c54a84D83F37380d034e2BfC6F7cE8d89F4Ee,0,527222,1.471815271,82,21869259
d7af1ebd46d40aefac694c9b949dfdd231c438e543f783bda873786a114ca98a,0xeD752878cA2522cDD2B0cad9964dd7551e0A6BaD,0x9a15bB3a8FEc8d0d810691BAFE36f6e5d42360F7,0,160141,1.471815271,9,21869259
d951b24d8f91718c35b38878931328fcd7eacfd1239af065fe63b87d69d7f0cf,0xFF129e3d95C6Ad2940f3A468d46d9aE25BB3bFe0,0x0000000000000068F116a894984e2DB1123eB395,0,269596,1.471815271,484,21869259
17a6f493d77ae2407acb8793ed3043caf44b6243a596242535117b8e31c2377c,0xC22c2b4Ac9b0d61C61357c3Af93e0720781E3A9B,0x9757F2d2b135150BBeb65308D4a91804107cd8D6,0,69263,0.974597063,2,21869259
c92770dd88c3f998bf0e4d789ee08d02e7995783474b9270fd3303e1aee6f678,0x4838B106FCe9647Bdf1E7877BF73cE8B0BAD5f97,0xC6093Fd9cc143F9f058938868b2df2daF9A91d28,0.002001379313937481,21000,0.971815271,1274106,21869259
649ff59c8df7b837d3af8f2c5c12af515ae7ef3c4f892ecb567067b3d195af1c,0x18105A39dB36EB6f865704Be858bcC7954c66467,0x5c7BCd6E7De5423a257D81B442095A1a6ced35C5,0,150000,1.970958824,42880,21869259
35cf4912a26009c272d5e6140cd315a59cf2233b699c6d73d406de32f61f0e24,0xF26f397FEf9f338b7502c6fC42aa18EBD1aF756D,0xdAC17F958D2ee523a2206206994597C13D831ec7,0,300000,2.972815271,77848,21869259
5ac376765f1351b6e739aec5cb2394545fd9901e37fddaa87f171d2afb4bd3a3,0xDADa79040Afa6aC7D7660e7E18f8a9b82c31F49A,0xEc6FC9be2d5e505b40A2DF8B0622cD25333823db,0,394734,1.238066652,25531,21869259
399bea5a0c40305abe40eed90e9229d4da9c7a77f4bfa1c8763674b74fb78b68,0xf89d7b9c864f589bbF53a82105107622B35EaA40,0x6B0FaCA7bA905a86F221CEb5CA404f605e5b3131,0,90000,2.971815271,5601986,21869259
ac952215ad01abe00f58a9182ed0f1027b293ed3e2ec7b34caee2f719833e61d,0xf89d7b9c864f589bbF53a82105107622B35EaA40,0xb23d80f5FefcDDaa212212F028021B41DEd428CF,0,90000,2.971815271,5601987,21869259
56a2027e924f4b34a39d8eecfe7770cb788efd92c0a74711634b9dbe4257d38e,0x9642b23Ed1E01Df1092B92641051881a322F5D4E,0x946f5e7b0Ba18deA7542cc648b8bc93Af79BE4e9,0.02562,50000,4.021531742,890861,21869259
d89034d84e3d88a2a45ab39223cdd2e5a46ca859ca13cb99899687731d01d2d4,0x9642b23Ed1E01Df1092B92641051881a322F5D4E,0x1e18614Fc67a7939304c6056C82afDc8a2235C8f,0.0512,50000,4.021531742,890862,21869259
257422353c88c4db364cfef86912206dfa63cd0c9be45fb9769fa8470eded371,0x093BBB7710Db1593b721fbd5103D80Db89FA8Ca7,0xdAC17F958D2ee523a2206206994597C13D831ec7,0,75000,2.404834616,132,21869259
a9cd8cfd4fb094674dc0af4301921174a50b1ccde318b64bca7af819a6b2f02f,0xBD783513552DC7b68814bb7b7d105C19a0f4d341,0xEff6cb8b614999d130E537751Ee99724D01aA167,1.2932E-14,173025,1.456039016,3916,21869259
9e6ce210edcfd79a31e9e2742ef4e6adaace9b2bd675a78bdf2b73ba3a37bd8f,0xb30e9ff57B96673A9056789DBE6B0C41592B06Ee,0xdAC17F958D2ee523a2206206994597C13D831ec7,0,73404,1.971815271,22,21869259
d2d45647894826f6500ff38fe3535105651875d10f8786188186fd8b300e849c,0xFB50526f49894B78541B776F5aaefE43e3Bd8590,0x17ae7649DB068e56602d410472fACB2e00471194,0,300000,1.984227097,154680,21869259
17d7eac10515b53532eee53af457b6ec017907ce20ac39d070fbd697a086da5f,0xbE235EFfebDa6BF03B0221BdE42DD9Fa8bC4A67A,0xcbB7C0000aB88B473b1f5aFd9ef808440eed33Bf,0,49172,1.971815271,0,21869259
a5ee506caa7c37a377f674b03d1b91a2ee0b717657af5f425fa9f0c8af079549,0x4419339D1ee5319aE6AEc482b94dbcc6D827DCAf,0x6B175474E89094C44Da98b954EedeAC495271d0F,0,75000,2.404834616,0,21869259
7cc0f011b69ae801a7e65e56171752c6c311fa6a005954a8ecae1ab6d8c21806,0xC90FD3B25a15940de1A0FB34Ff07feA6d724b2A7,0x9Bc94Ab4A040D5Ffb45e8Ff1844dfac2a0e4c630,0.04,24150,2.971815271,599,21869259
21301e8e49c71195b9f1e93df9c58f16205be56269750ae6beb6244b0b17d263,0x9A10Da8Ce77F26231860764a2CaaB36E70584c4b,0x7B222ADfAb6bF14bB6330440BAd32A7a992E66ba,0.01142274,21000,2.971815271,730575,21869259
f56c75c77c6601bb8e932e15125f389cd6d9e63afc1d3d8b7c690e2e416bff95,0x9A10Da8Ce77F26231860764a2CaaB36E70584c4b,0xaeA571533A438d556e883Ee117C6A349C62f40A9,0.43297485,21000,2.971815271,730576,21869259
6156c636bb75c3bd1dff21503e1a71bb6e0a55088a862d9e50dd38f8d0c4bcd7,0xe86Ed6D27458BC7700a2d5f04822c92346B4Cce1,0x6982508145454Ce325dDbE47a25d4ec3d2311933,0,43488,1.971815271,0,21869259
bee4cc2340fd6b819f97717eae4489fde29e2c648821605ab991ba54fce77b1d,0x6124d32d0Bd844D4cC9570c50043291c6a726178,0x11Be18370B2937E011Fd5c853f5B9aEEa797Fd54,0,1171937,1.021815271,1111,21869259
79abedceea6dcdce79f8950c4276479b23f957b261f17efdb596f6821cbfe9bf,0x731461b70ad0F00422e0f2b2Cf7Daa3640bc61C4,0xad3b67BCA8935Cb510C8D18bD45F0b94F54A968f,0,483398,1.122011981,22919,21869259
a559174b6ff890a246cfa399a1cf4de98565fbbca1dff9877e6825ad40c7d36b,0x4f82e73EDb06d29Ff62C91EC8f5Ff06571bdeb29,0x6131B5fae19EA4f9D964eAc0408E4408b66337b5,0,304466,1.471815271,3602,21869259
b2a8e0f9929f85e116469106152ef012ab750952e022e5893c0b50a51a0f0914,0x3B24D3651Fa71547CF7dA403e0188E37036B3C1F,0x6352a56caadC4F1E25CD6c75970Fa768A3304e64,0,534210,1.067750534,4,21869259
38cce47c08249ef3f9436f9cb072fcae26755e3f350cd8fc99b1a46af176c017,0xCfF51ee39Ea39c56ed8Ca5EDE01e0C30B4F4844b,0x0000000000000068F116a894984e2DB1123eB395,0,283581,1.471815271,19,21869259
8c177e10f284708398fc07fbeb05c74621e311ae922c585955e7a8eddba83051,0x3A6abfAdA896046D67007C12D8a91b35398d8468,0x38D43a6Cb8DA0E855A42fB6b0733A0498531d774,0,86222,1.33199926,40,21869259
292666b45b68cd57e8621c6f7909827227a6ce93f88a04e82dafb53a890dce29,0xf70da97812CB96acDF810712Aa562db8dfA3dbEF,0x164Fc690eAe076EAF4ddA3bb912a9b56d271Ee8A,0.01090108576190492,26013,2.113332164,1362157,21869259
414b9989a374a23784aef4308bdbe5a7938f740f7221c860dbcd69e465c9cc05,0xDfd122610A14Ac12D934898c02dBEc1f72708116,0xC38e4e6A15593f908255214653d3D947CA1c2338,0.01549761,275280,1.358386568,129831,21869259
b75eeca3a73d285209b38662ddb948052a61394fe1cb2b450e0273997653c20f,0x4fCC1879507C61a17801644233AEE4D0f8615B61,0xF3dE3C0d654FDa23daD170f0f320a92172509127,0,211619,1.571815271,95,21869259
d98cbb6bed5a489fbd106becc68ac423a06ac6efd3be4ec2d1bfbc569b23e709,0x07aE8551Be970cB1cCa11Dd7a11F47Ae82e70E67,0x5c7BCd6E7De5423a257D81B442095A1a6ced35C5,0,111639,1.471815271,82951,21869259
9ad1aca8c09bf3ccb2d3a16e2e681cf7bf9bb9fee8fc95c92cf9ae26644879a5,0xf70da97812CB96acDF810712Aa562db8dfA3dbEF,0xA0b86991c6218b36c1d19D4a2e9Eb0cE3606eB48,0,54619,2.199943886,1362158,21869259
0f5e6fc51dddead84449b7ea6ace8586f46a7eac43f1c6dcffa56ee01fd5731b,0xbeB950286415e279CAC5CdD1951ce1af58bd4273,0xC36442b4a4522E871399CD717aBDD847Ab11FE88,0,409680,1.050815271,721,21869259
29be64a9ecc60e940d8c90fae8d53387dbe889c77ece7e2b6f922d0c4b580c32,0xd799845ac75271FF322c042F52db31C537A05a47,0x4c9EDD5852cd905f086C759E8383e09bff1E68B3,0,56372,1.471815271,8,21869259
90619a41a16f97035c2e7770dc466bf7dcc5b1f65d6295986a4b83a0c4a23476,0x545F6a2e09bd8BB8Bae5BDB6dF3d3A2E029Ca532,0x86B5780b606940Eb59A062aA85a07959518c0161,0,46833,1.471815271,167,21869259
82ef6271def7fd01c19cf8a516fdb8fbac4a0257a06b6af39dd4ccfee1d70ce3,0x3F995ef7517b5ccFaD83021fFc2c247c9f290ad4,0xdAC17F958D2ee523a2206206994597C13D831ec7,0,63197,1.321344673,29,21869259
c65f5d9e774a4a102ee4734d2d376ec409de888ae1fa8fa7fbdf4edfb6d517b9,0xEbA88149813BEc1cCcccFDb0daCEFaaa5DE94cB1,0xE06CA16D7C16F1592077Ba586D2F1F7b910B4ee8,0.15083298,60000,2,395726,21869259
4c14d0286e2936430c0f158548fffd8057b96f51c581e7d39864ca052aae7c0d,0xb5d85CBf7cB3EE0D56b3bB207D5Fc4B82f43F511,0xcD046C9c5C2001AEFba350c3123770e405F2b04d,0.02879423,21000,1.971815271,10869656,21869259
714799058cbfde72cf1eeeb7f6dafd9599dcd04e2fbdbf1f84429743dc96343a,0xb5d85CBf7cB3EE0D56b3bB207D5Fc4B82f43F511,0x6ba3A66F214039E8fEB7c42f8588536545b571b8,0.3595093,21000,1.971815271,10869657,21869259
857075a9ae5a154ecf3b011151768474cd0a9c2cd3a52e4931ed7875d3e28acf,0xaEEc94A5aACaB0F253eC6Be1B590b9cb82BBdB06,0x1FA57f879417e029Ef57D7Ce915b0aA56A507C31,0.001841538311480842,641134,1.046063706,0,21869259
169c50a89cad78da96eb791caef88eeb204f87304423cfbb65b1f9e1276d64f1,0x26c50e673FCA05131c9B9F23d213b977d9A34C77,0xA0b86991c6218b36c1d19D4a2e9Eb0cE3606eB48,0,84000,1.227946535,26211,21869259
365c24d4f910d487c83ed06633297c3756def37ab6a1f3f5c3a89c9ba070c51e,0xC5ec7765481F90aCBcC61DE0bb5C7904f2E63077,0x7CFdeB2dEF0fa6810eDa0Ac17c2A4e2F9e12DB4F,0,2400000,1,15257,21869259
9f4cc61e31a6f72d28982da453a2d94461b59b3e012e0b58c52633197dea9f73,0x9e5999C889653A0e4E63F59873C6f5aDBba50E22,0x0000000000001fF3684f28c67538d4D072C22734,0.00182170932815645,367573,1.050815271,1,21869259
f9f46cba4e0eb60b5bd74863e7fce4f08bc76ea4febf8fac0278a9100f6c3111,0x8C44cbDBa0487F51e8a6e5C2da6f77065c9291E3,0xBCA3039a18c0d2f2F84BA8a028c67290bc045AFa,0,47775,1.291529606,4055,21869259
91c798329c283ef36cfaf99f262004362c11f52c15994204ca39f02652ad502d,0xb1b2d032AA2F52347fbcfd08E5C3Cc55216E8404,0x7D0CcAa3Fac1e5A943c5168b6CEd828691b46B36,0,393648,1.071815271,1174961,21869259
635b8040d7435deb4448df14bcae81cdae8d38690294aab365b976bced6c0c29,0xb8b871336ed432eeD24a0f9B82B0f07eEC555E9d,0x3335733c454805df6a77f825f266e136FB4a3333,0.01,414762,1.020575935,85,21869259
b974ec213ae9f483bb6f762a3b26ef20c17d9568f3da630728a5fdbc3a330d20,0x07f8E8827681348fc1fdDe95568683a0ca3fCA5c,0x3335733c454805df6a77f825f266e136FB4a3333,0.018,417016,1.020575935,5,21869259
8b287e3d750475317eb74161e09bd65e379b8d1766e36ae104be52da0cdfd110,0x6081258689a75d253d87cE902A8de3887239Fe80,0x95aD61b0a150d79219dCF64E1E6Cc01f0B64C4cE,0,52684,1.227946535,1466003,21869259
013560d77717729eb3ec72f62726cda1335275af146e415fb79e8ba2daa468ff,0x00236feEAC26ef92552e3981096350D136084C64,0x0650CAF159C5A49f711e8169D4336ECB9b950275,0,135414,1.471815271,1509,21869259
48ca037960c37e7299ae75e9296c27e0650f1f9105d57b1c3c74db078c5334a8,0xDC21bA05A6867D7f8099BbCD84C5766fFc9e4eF5,0x5837f8c501964f8bA89D0d0764f3c123f6e9f83a,0.003,21000,1.566651948,47,21869259
e9287affbd65d499f51379b6af7dc6969f4753bcb5084b8b89f9fb6d2dca9fb7,0xDf13D3142e17F93C58CaBdB170B3F23052770e4c,0xA0b86991c6218b36c1d19D4a2e9Eb0cE3606eB48,0,94635,1.971815271,98,21869259
12a0ee4d9de4d3c17fce0f81494eaef163c253764a59f0e285d53702a1f96349,0x329Fab27c12343A3cfFc52DeaA27d5242a64A3D7,0x652fEFb6B4ADE87E7E69EA03F6E502bF1ECcade8,0.0142299,21000,1.541861078,305,21869259
1a6d2cad74741a2b2ecdda2630e25c0db0271e93f362fa0666b1648d22b61778,0x0298a8102745cB84Ab1E5013138465E05820F25a,0xF57e7e7C23978C3cAEC3C3548E3D615c346e79fF,0,47078,1.2170998,5,21869259
ae0fd69f360591199a9704dde3ff1392d7aaf14d75cd15ac14d29bd1e9f66f57,0x8E7fE770ebbb84df91a4c64e054Aa084429e59bD,0xb300000b72DEAEb607a12d5f54773D1C19c7028d,0,650613,1.002834616,2,21869259
951dc743e778b2b3d94e3345fd526b252ab210e8e3a64b2b2de82d14882299d2,0x1A0EFCF214e1B8FF719dcef793491587E443178b,0xFef171287402D45ace3cBB14B57fC6657541E2Fa,0.100472,21000,1.471815271,0,21869259
ba9849814a5fdd83d8b8f373ca094ada0f726b9bfc2839b50b7a7382ac297846,0xC94eBB328aC25b95DB0E0AA968371885Fa516215,0xdAC17F958D2ee523a2206206994597C13D831ec7,0,100000,1.13452051,1357838,21869259
b556428fd17ab3bf68a512b7173681db5bf855ffcdc13eb4fef2f959387356d8,0xC94eBB328aC25b95DB0E0AA968371885Fa516215,0xdAC17F958D2ee523a2206206994597C13D831ec7,0,100000,1.275719919,1357839,21869259
bf1334d6773854eb678448133c4e2116a228bccd3fc41f374f9bc4c3831d6d7c,0xC94eBB328aC25b95DB0E0AA968371885Fa516215,0xdAC17F958D2ee523a2206206994597C13D831ec7,0,100000,1.275719919,1357840,21869259
a3f25abe9f17a4ab92b05dcf666d0127f5537e397cd0bb2534f98caa0edd1697,0xC94eBB328aC25b95DB0E0AA968371885Fa516215,0xdAC17F958D2ee523a2206206994597C13D831ec7,0,100000,1.275719919,1357841,21869259
9deb3edbd6970533acb00320ab4e4c827c89048910450195ebcd71e5fd07f710,0xC94eBB328aC25b95DB0E0AA968371885Fa516215,0xdAC17F958D2ee523a2206206994597C13D831ec7,0,100000,1.275719919,1357842,21869259
fbb1e394bb7de455c3e90e796a879409ace9b9a93d4785efc51626a9956ecc3c,0x5Ea6915B7Abfa30D3a81AFB100cEC44A7Bc9cF0b,0x0654874eb7F59C6f5b39931FC45dC45337c967c3,0.054,100023,1.050815271,83,21869259
2a6947fc8956637457302021d0643f9261eab34f31ffaab94eb51115fddda2f0,0x349bC5ea61c63b10306549b1541c17BE99546fA8,0x36D339175EE75CD9eaFf307dF0d310adE6f4E7a1,0.0015,21000,1.321344673,2,21869259
abcbb02ea04a77d41a265df6fd651361183160295a8eff88df48bb59c768b95f,0x1801b4fDF58c9E0764bF7Efc92ebe73D9F8a36e4,0x5fE72ed557d8a02FFf49B3B826792c765d5cE162,0,70011,1.471815271,320,21869259
7ae577a4d1121d7056dc25f99889a13c3369a53b91c0a13ac110537df7b6fd36,0xbB8eab8dA7792cf59AD2c053d6b49B4636a507DC,0xC0874B4B9a1BaE857B054936167F8Ef79257A757,0,187425,1.021815271,835,21869259
5e414a62a973c34b0e70ec5cbd9dab5fc5b500faf601e6c8e2cdbe288349027c,0x6553deaF06249fEf604473230B98944e55AC49b2,0x50D1c9771902476076eCFc8B2A83Ad6b9355a4c9,0,69566,1.122633529,15,21869259
34d20d46980a6c35d78a7378b096e8fa312cff27c47c268c8a2010fbc6f4d321,0xcdc2b20DE95e317Dc875Ea51070b47440255AA4B,0x4135C5E6BDDB141a785285dDD2dE1b7779784C9A,0.009853351587609,21000,2.221352971,8,21869259
80fab245340f19783c4e1904af479839e8abff069afa953f70bd74a3fdcdbb76,0x7debF4dB94BE38654914F4028911603014857f3c,0xD70af2247F8f553Bf175aBF337cA96Ae30E8523c,0.048724713878260224,21000,2.221352971,27,21869259
0efeb14bb85b624d6693232c0b73027297b58a48aefd9eaef89b5eddbd7328ea,0xd0Db6AaC86a2710876773a62385bbc37Ab801ccf,0x6982508145454Ce325dDbE47a25d4ec3d2311933,0,66833,1.050815271,1,21869259
1a31987776be22bed72ded6cf24a5da9a4b7962a08db12973ceb8590a358ed3f,0x2D67Cc45e7FBaE81A22db4d0805c30c397c0911b,0xf49260dAe3baa2814f7C3CeB221BD65aE066DbE5,0.00987084488181756,21000,2.100826754,1,21869259
f287cab7a05167157fdf844196c4e27bb9e08e33785233eacddda22b8226596d,0x38dE890d1acFDB66d4e73A6bF86429C1Ef2F168f,0x4FF3c73FB6aE86FFDA17E55FcA0632F8f2Db31aB,0.18511296,21000,1.173662325,1,21869259
9554108ce64fa553686c5cff73d65666ab9de2caf512142a6cef1656de829e1a,0x2b3FeD49557bd88f78b898684F82FBb355305DbB,0x1eCe76cBDf158b348C6F4b80443a11B4e2dcD040,0.00936247,21000,1.16096588,731820,21869259
48b7e94d5d8c7d458b99474d49697745ff77679fdd091ad083a4e2f21c31be44,0x2b3FeD49557bd88f78b898684F82FBb355305DbB,0x7f335A394bea536084C1E610d9225582Db848ED2,0.02131867,21000,1.16096588,731821,21869259
a2f832e70d16c84f8a7409c4423306fa533638a2eadf30b384a51e8095818f58,0xb23360CCDd9Ed1b15D45E5d3824Bb409C8D7c460,0xEA2d15e0a9aD48E3393c245fE02197B656F5aBaD,0.00700427,21000,1.16096588,2045865,21869259
c010f93b68fbe8a6fee97f6353468f833ff52051d35f021c56cd19a97889dab0,0xb23360CCDd9Ed1b15D45E5d3824Bb409C8D7c460,0x93576b2B1f465d8C4a58d89775bC4c8850AaE376,0.00655398,21000,1.16096588,2045866,21869259
06e34dcfcf78da74f3f0260f4ff32cf5bd2546ff29eecf33080ea845c28c4257,0xb23360CCDd9Ed1b15D45E5d3824Bb409C8D7c460,0x96C773dDE2BAF02181FCDBbE4C59D0Ea46e7e33A,0.3973791,21000,1.16096588,2045867,21869259
db83ea9b153ded5cc3388dbff8d49a3c85a2bff1941c1998392b9f6968a2be1e,0xb23360CCDd9Ed1b15D45E5d3824Bb409C8D7c460,0x10E85a9D0b4F895F4CB805526dD6F75dA7E9fac4,0.00009753,21000,1.011619044,2045868,21869259
25197f8bc4d0330967ea0073a8e899ae5c15ce1581639ce0614910e3bca08ac7,0xb23360CCDd9Ed1b15D45E5d3824Bb409C8D7c460,0xf847ca9710AD4f882858bd248f853CFA0AF45b64,0.00009858,21000,1.011619044,2045869,21869259
1857098e080818bdddd558f1d26371b8e4748aed04d817e7c6ea9ad01521c1f1,0x10F89F3e06205B29eC0826b4939054e8f71edc51,0x34E158883eFC81c5D92fde785FBa48Db738711ee,0.007368,88964,2.237218098,204,21869259
a6dc5676842c7fc17530449a96209be3080ab6c1077b1f9ffdf2090d3e8daf67,0xCD531Ae9EFCCE479654c4926dec5F6209531Ca7b,0xA0b86991c6218b36c1d19D4a2e9Eb0cE3606eB48,0,200000,1.050815271,140091,21869259
0ca7bc8e975c4d320e677365255ff0c8aa28b8e2aaa958cfc485771de24d0721,0xA7C5eba6388CB5c488B215614bb2CA3960b23607,0xC02aaA39b223FE8D0A0e5C4F27eAD9083C756Cc2,0.003011917875299347,52230,1.050815271,16,21869259
ae124411567619adbae99b00a3eb1bfe860d93db7e510c58102aea713ad95d9b,0x24EF173d20c4bfc62E145E62Fcb6C2d270450673,0xf396998cd79369fE3b4F336Ab2f5F438f238Ab2a,0.00002347,2000000,1.07,4542,21869259
27311b4412a74a93b08f02caea4423209e06842be77b782fa0c32f9e5e7fa5cf,0x0dC4eC69a1803e005819567Ff14a341e22a45333,0x84367b8b8cB5C7Ce38476289eDD88E2C9259E5E1,0.015814,121677,1.469629346,35,21869259
268b0bc8fcd1fac70de74a1d33d5eb12919760326743976482c34ad8730ec19e,0x45D11F7EbBc79F18467dd534e2865d0DBA6aA435,0x3ee18B2214AFF97000D974cf647E7C347E8fa585,0,272277,0.981815271,13832,21869259
896d10f720aea23af578681e89f00afef7d9c2d786d594d2ab23239a5ca62ed9,0x9B3248C34CE07b4774895877622226739d5F8F2a,0x06cB18516Fa1a261278D838e28f1dA0ef94C8E59,0.00000842,21000,1.089139689,0,21869259
4f7e8abaeb9f4fd7a2d8de1ceeaae4d816d21eaf9805c988046e935bb64a1b14,0x1AB4973a48dc892Cd9971ECE8e01DcC7688f8F23,0xfc04C6A626435b278867023Ad4e270e53717B967,0.36230081,100000,1.074597063,1267461,21869259
e02176765f57d660bacb8cce0e49cfe951539ae928fc0aa125250554077ccd54,0x6eaBa94312efdd9a807d360ec5fEf0E345EDd06E,0x87A003BAEEDCC46C9052086A4BBaB6E14e59d904,0.364507868813618,21000,1.071815271,75,21869259
66947eb0a03317d48ef096ff73f2157c186a8c0b3c568c4dcc2e4c16b5f64e40,0x813cF148d070d158ce34F6DF85D37428B333BF23,0xc51623fF712d96b557bf8bA877169fb748768Be9,0.05102366222335608,21000,1.071815271,63,21869259
e4140a9fcfdae5bbb67cf3a5d7d0e87eb04788c8df01dd0da498f6fd950d000b,0x4c9AF439b1A6761B8E549D8d226A468a6b2803A8,0xdAC17F958D2ee523a2206206994597C13D831ec7,0,84000,1.011619044,769256,21869259
dccf3a0bf6f84e595b40562b0dc717733db8b4e9b178f47f3fe0eaf82c3e44ed,0x4E5B2e1dc63F6b91cb6Cd759936495434C7e972F,0xdAC17F958D2ee523a2206206994597C13D831ec7,0,90000,1,896594,21869259
72ece3972e4c4d00432328bb6f834fedeaba5060ccb218d2d1c73a9de9fa6b0c,0xa32d95c559A4ea8af8c48511928F189722835Fdd,0xcEc7Dbd3f2371AB0DD5Ee1701a070Af04D43019F,0.009,23100,1.050815271,39,21869259
2655748974cacc2cdb1783d5f437ca8e4954714ea10a9b5a04ada9261e02b715,0xFf4dcD8967252D7B4A5324E0ADDd07Af067D9231,0x7D17e882E39184018c814E836A843656E58a217c,0.00091002041440775,23100,1.050815271,2,21869259
0101512843df73d19d05f4d93f8b84e30e5a8f29fc24b6666a99b644d5f8bc7f,0x1f97e563bF33b772fA84efDF1D2feD90da60cC01,0xdAC17F958D2ee523a2206206994597C13D831ec7,0,84000,1.011619044,2,21869259
dfe9334bf387b0eec8bd1bad89b87307aa463d2ee5f122b48087c465a952ad2f,0xE38b3C4585136bf69e90bB35Ebc11CC59ac34fCe,0xdeda2d40d38189405fB552A4ed4d4F7EE9F35167,0.039700243025588532,23716,1.040696877,5,21869259
d29cb3792dd7d7ad2acf0556f51d848e34a4f5fac7e03bfa024240602548f209,0x1dB2C302EC21D899412c95C7D504950Eea54fa77,0xccB365D2e11aE4D6d74715c680f56cf58bF4bF10,0,37590,1.020575935,21,21869259
a723f4ba585a0f2f061875cad1ca333ccb65fe2c4e62f7a165b8b02cb890cede,0xE8C20EA8eF100d7aa3846616E5D07A5aBb067C65,0x92Ef6Af472b39F1b363da45E35530c24619245A4,0,527671,0.974597063,28478,21869259
043a268b9fb09b9066a81e0d690d02f6fb0af0bada2b1b58fb5aec4c61149833,0x0031e147A79c45f24319dc02ca860cB6142FCBA1,0xae1dF8219e959d1321eb680f0da3118BDD7E3Faf,0,400000,1.007616408,923676,21869259
aeb66b3c9e71f07badef02b7e4f458f6796db7edf84d3cb1b39babf0c0e0f017,0xf9DDde6a1BFF6C3026357956273830962AE9D3ee,0xdAC17F958D2ee523a2206206994597C13D831ec7,0,80000,1.0001,323,21869259
4765bd768249cff54e6a8e805596da766af420297567557450f406101d9077d9,0xff20D1c89780b6A739e8E1Ff6164e91C86a428De,0x8bE3460A480c80728a8C4D7a5D5303c85ba7B3b9,0,64918,0.993834616,31,21869259
63d5e8b671f957187893fda9d24ae02f073e36f4bd307a83e6b2bc995c89b5d7,0x22d2e02D0d745A28a934765947031988C2aFaB7c,0x11904223aD7496870dad087774714e021E6c8185,0.753641690559839,21000,2.085801539,69,21869259
0218be1a0b1ac91f43295d2edcc273071588f074e29be5e63dd83c33dbe6ba48,0x466B037ace44C0134Dcebd965A4a22Aed6DEA027,0xC38e4e6A15593f908255214653d3D947CA1c2338,0.022217077097053749,357815,0.974597063,7316,21869259
48e36624b8f4830f1a6752a8b827ba7d3136ec05c1e2e4c3794df902c72f33c6,0x99E5aC4D27571C3783617C3C13679AAccb91439B,0x3a23F943181408EAC424116Af7b7790c94Cb97a5,0,323000,1.071815271,1,21869259
95d5c4c0c116a4b90f986518db0a5feb1ef7a3218479d1e28144838ae2382c6f,0x7295a4f7957e5A888717d5De0E0B27AFA0BF6957,0xA2cd3D43c775978A96BdBf12d733D5A1ED94fb18,0,61865,0.983666661,7,21869259
44f645c0467bc635374a03e3f098a703c25a5f091d56f21f3adeb85aa7c5b5d5,0xDF8d0bD5992a52424B461c5aF977cf5D3c2Ab3aA,0x4b5f834Ede79C52bD33d952C719a0B641a0310EA,2,21000,1,1,21869259
90d9f593790699ad76f38d388b5ec2529403e3d8a0392339b19dd2fd592d0186,0x264bd8291fAE1D75DB2c5F573b07faA6715997B5,0x39108f6E5BA158Aea1E8bd79Cd3F4202814103E6,0.01906737,500000,1,2236508,21869259
313355cb6e6d0d67d098a0960b46fb7a5cdd4a55c2b0a3038bc787e28359792e,0xd2674dA94285660c9b2353131bef2d8211369A4B,0x8914502fa53B25c71B29D376C9567389E06E8c34,1,21000,0.999677912,274231,21869259
0c1df3e18ba6bbbbdde579736517ee60bb441852fee9623a37b29f8a8a2401a3,0x47CcCcBE7B1eB2b18dfBd7B7195D917534916F8D,0xDFaa75323fB721e5f29D43859390f62Cc4B600b8,0.050440130541822544,21000,0.999677912,72,21869259
59b5cc27ffcedbeefee9a7d55d8dd2a88ac3bf3389f57ff434ac71a093f4c868,0xfAc01AAdf1e7ac89C764929b32a132d80B51A577,0xdAC17F958D2ee523a2206206994597C13D831ec7,0,77000,1.16,4,21869259
77b5158c8d1bccc6f0ae87bb45a07fb1274170fd2e5735d338196ca1f83bbb26,0xD2E3E333Fe6b04d98611fCCd9Ff0CDF03f74c6e1,0x111111125421cA6dc452d289314280a0f8842A65,0,250534,0.974597063,1062,21869259
d733d19d36980ad9723678a595ac0983abac93d07429c0ac126650b9bf4aef7b,0x10fa1d1F6fBD4ec60e487609F1a3AA42c892A09c,0xC36442b4a4522E871399CD717aBDD847Ab11FE88,0,119525,1.071815271,90,21869259
e687c80fed19146dc9edd91d66f8044161501b2c530b0e8f15a32c534583e459,0xe93685f3bBA03016F02bD1828BaDD6195988D950,0x173272739Bd7Aa6e4e214714048a9fE699453059,0,450020,0.975153421,1335570,21869259
93fd48b1d3913bf24026a74a2c341aac096510ea17693299281dafa359b265bf,0x70a29bCf7816e40075B37047DBCbdf6C82c4C458,0x1231DEB6f5749EF6cE6943a275A1D3E7486F4EaE,0,172270,0.974597063,8,21869259
a729e5955c0f9ca446e79de9e16250d6d138aaa6409fdbf0addc35e678feecdd,0xaF606Ed987e13149730971f0Bc10b27409AD7FFC,0x3015cA5dA015C2b4a5b6e9A005949A8eEba86a2a,0,92312,1.071815271,2535,21869259
3c9763f19f0f29f7a7e82d280520d04e68bb1876ecd687fcf08ec61b7e4d1b69,0xB8FF877ed78Ba520Ece21B1de7843A8a57cA47Cb,0x8FafAE7Dd957044088b3d0F67359C327c6200d18,0,370356,0.975153421,766126,21869259
5fcb2d5c27f39a9788e1f2df8dd8803975ee2a0fc899717383e7aec98c2cc412,0xB8FF877ed78Ba520Ece21B1de7843A8a57cA47Cb,0xa59BA433ac34D2927232918Ef5B2eaAfcF130BA5,0,370356,0.975153421,766127,21869259
3c3cbaeea6c6f5bf6231f14a8b5274eebb0dd8554274822ae10da9dac60de28b,0xB8FF877ed78Ba520Ece21B1de7843A8a57cA47Cb,0xa59BA433ac34D2927232918Ef5B2eaAfcF130BA5,0,370356,0.975153421,766128,21869259
03a08cbc559078e1b4aa24a2122c70745786cd7812d5171743dedd1167607fa4,0xB8FF877ed78Ba520Ece21B1de7843A8a57cA47Cb,0x8FafAE7Dd957044088b3d0F67359C327c6200d18,0,370356,0.975153421,766129,21869259
0af1c7eaeff0b670b5b9cebbf61c84e57d4dd36c66844fda9da7d54e1fd8824a,0xc0B6D01891e1e9e194DF782375d381b74fdD11D6,0xb300000b72DEAEb607a12d5f54773D1C19c7028d,0,416712,1.002834616,3,21869259
c06ef2daadb4fd90fb967b06cad14af551c952ff2447cc4382945eb3d45a5a72,0xb692756B3e1AfA77a318F2F6367746cDd56E5D6b,0xbc61e13Ca6830FC7f035fD0E90A01Cd08be6dcAa,0,64186,0.974597063,829,21869259
8b6be1a71ec292238ad6de948a7948fd4c1b51c04f2572cd6516475548638c0d,0xEC0f2E1469Fc2031F80A26036e45ba963d742368,0x0D4EEA7B84103160eB8CE482A61Bf3ecD5D0ABB4,0.010726553310016672,21000,1.1,3,21869259
df324709a4ae4f492af025433688a48ecbf33e71712cf4ef886bcd0af8272997,0x02D91F5cCB6a89126F7C5371A4c7f0DF4d9Bf67e,0x6135E600312E7b5BA85434DBD6874708D2AC7028,0,53531,0.974875233,75,21869259
ea4c026c72ec78fedfd5d22d15b5b0d735f2279c0c91a487aa058f5852bec0a2,0xc6E3680AFFf8293037e06ABcD59313239bBbd0B5,0xC02aaA39b223FE8D0A0e5C4F27eAD9083C756Cc2,0.004,100000,1.020575935,16,21869259
2d520f9ce3b99fcfedc9dfce9a0e3be56c59bcb6704b4020e0f1ac96adf0369a,0x97d4B159F3e1B5da54bD52719279D7E6A47465b0,0x93Acf962C4838a996035ec0F88F223ddaddBd6BD,4,21000,0.975292511,2,21869259
96c7ce964b36725aaab7d57c790893a82c8e88cf439c3cbd87ed5369fe2acec9,0x49823314b43aCc9917084892549aAF49f02FB5Dc,0xA6021A7617251b2c8549a0D64a18aB2D095B3e2C,0.024,21000,1.021815271,65,21869259
46006bb739d549c029310fd0149008abad15da707f586e142d3ecfb2d3e743c9,0x5648a480f36B9E72Dc742566180902bE38E07a87,0xA434D495249abE33E031Fe71a969B81f3c07950D,0.008,300000,0.974597063,67,21869259
8e826429b15d59fe433292488443b8da72e8103fcbef7a8e6775d33ec02b6d21,0x000000633b68f5D8D3a86593ebB815b4663BCBe0,0x68d30f47F19c07bCCEf4Ac7FAE2Dc12FCa3e0dC9,0,5000000,3.971815271,715619,21869259
334a95cd6093e8917b1c54679184699ba03402a99032174ab205248ecbe8a29d,0x9FC3da866e7DF3a1c57adE1a97c9f00a70f010c8,0x4675C7e5BaAFBFFbca748158bEcBA61ef3b0a263,0.069518726899992775,21000,0.971815271,48338,21869259
